iter	Logloss
0	0.4359496996
1	0.3438677501
2	0.2939612606
3	0.2663928194
4	0.2436458544
5	0.2302585611
6	0.2049484501
7	0.1970233719
